Model,Accuracy,Precision,Recall,F1-Score,ROC-AUC
GRU,0.5122222222222222,0.5063291139240507,0.9777777777777777,0.6671721000758151,0.5118617283950617
LSTM + Word2Vec,0.6277777777777778,0.5741935483870968,0.9888888888888889,0.726530612244898,0.6346
