Model,Accuracy,Precision,Recall,F1-Score,ROC-AUC
GRU,0.5133333333333333,0.5069605568445475,0.9711111111111111,0.6661585365853658,0.5337802469135802
LSTM + Word2Vec,0.5211111111111111,0.511137162954279,0.9688888888888889,0.6692248656945511,0.5739037037037036
