Model,Accuracy,Precision,Recall,F1-Score,ROC-AUC
GRU,0.5,0.0,0.0,0.0,0.5092765432098766
LSTM + Word2Vec,0.6277777777777778,0.5741935483870968,0.9888888888888889,0.726530612244898,0.6346
